--------------------------------------------------------
--  파일이 생성됨 - 목요일-2월-09-2023   
--------------------------------------------------------
--------------------------------------------------------
--  DDL for Table ADMIN
--------------------------------------------------------

Insert into ADMIN (AID,APASS) values ('ADMIN','123456');
REM INSERTING into ADMINNOTICE
SET DEFINE OFF;
REM INSERTING into APPLY
SET DEFINE OFF;
REM INSERTING into BONUS
SET DEFINE OFF;
REM INSERTING into DEPT
SET DEFINE OFF;
Insert into DEPT (DEPTNO,DNAME,LOC) values (10,'ACCOUNTING','NEW YORK');
Insert into DEPT (DEPTNO,DNAME,LOC) values (20,'RESEARCH','DALLAS');
Insert into DEPT (DEPTNO,DNAME,LOC) values (30,'SALES','CHICAGO');
Insert into DEPT (DEPTNO,DNAME,LOC) values (40,'OPERATIONS','BOSTON');
REM INSERTING into EMP
SET DEFINE OFF;
Insert into EMP (EMPNO,ENAME,JOB,MGR,HIREDATE,SAL,COMM,DEPTNO) values (7369,'SMITH','CLERK',7902,to_date('80/12/17','RR/MM/DD'),800,null,20);
Insert into EMP (EMPNO,ENAME,JOB,MGR,HIREDATE,SAL,COMM,DEPTNO) values (7499,'ALLEN','SALESMAN',7698,to_date('81/02/20','RR/MM/DD'),1600,300,30);
Insert into EMP (EMPNO,ENAME,JOB,MGR,HIREDATE,SAL,COMM,DEPTNO) values (7521,'WARD','SALESMAN',7698,to_date('81/02/22','RR/MM/DD'),1250,500,30);
Insert into EMP (EMPNO,ENAME,JOB,MGR,HIREDATE,SAL,COMM,DEPTNO) values (7566,'JONES','MANAGER',7839,to_date('81/04/02','RR/MM/DD'),2975,null,20);
Insert into EMP (EMPNO,ENAME,JOB,MGR,HIREDATE,SAL,COMM,DEPTNO) values (7654,'MARTIN','SALESMAN',7698,to_date('81/09/28','RR/MM/DD'),1250,1400,30);
Insert into EMP (EMPNO,ENAME,JOB,MGR,HIREDATE,SAL,COMM,DEPTNO) values (7698,'BLAKE','MANAGER',7839,to_date('81/05/01','RR/MM/DD'),2850,null,30);
Insert into EMP (EMPNO,ENAME,JOB,MGR,HIREDATE,SAL,COMM,DEPTNO) values (7782,'CLARK','MANAGER',7839,to_date('81/06/09','RR/MM/DD'),2450,null,10);
Insert into EMP (EMPNO,ENAME,JOB,MGR,HIREDATE,SAL,COMM,DEPTNO) values (7788,'SCOTT','ANALYST',7566,to_date('87/04/19','RR/MM/DD'),3000,null,20);
Insert into EMP (EMPNO,ENAME,JOB,MGR,HIREDATE,SAL,COMM,DEPTNO) values (7839,'KING','PRESIDENT',null,to_date('81/11/17','RR/MM/DD'),5000,null,10);
Insert into EMP (EMPNO,ENAME,JOB,MGR,HIREDATE,SAL,COMM,DEPTNO) values (7844,'TURNER','SALESMAN',7698,to_date('81/09/08','RR/MM/DD'),1500,0,30);
Insert into EMP (EMPNO,ENAME,JOB,MGR,HIREDATE,SAL,COMM,DEPTNO) values (7876,'ADAMS','CLERK',7788,to_date('87/05/23','RR/MM/DD'),1100,null,20);
Insert into EMP (EMPNO,ENAME,JOB,MGR,HIREDATE,SAL,COMM,DEPTNO) values (7900,'JAMES','CLERK',7698,to_date('81/12/03','RR/MM/DD'),950,null,30);
Insert into EMP (EMPNO,ENAME,JOB,MGR,HIREDATE,SAL,COMM,DEPTNO) values (7902,'FORD','ANALYST',7566,to_date('81/12/03','RR/MM/DD'),3000,null,20);
Insert into EMP (EMPNO,ENAME,JOB,MGR,HIREDATE,SAL,COMM,DEPTNO) values (7934,'MILLER','CLERK',7782,to_date('82/01/23','RR/MM/DD'),1300,null,10);
REM INSERTING into FREE
SET DEFINE OFF;
Insert into FREE (FNO,FTITLE,FWRITER,FCONTENT,FDATE,FHIT,FGROUP,FSTEP,FINDENT,FILESRC) values (2,'후기','작성자','내용',to_date('20/06/05','RR/MM/DD'),0,2,0,0,null);
REM INSERTING into FREE_REPLY
SET DEFINE OFF;
Insert into FREE_REPLY (FNO,FRNO,FRCONTENT,FRWRITER,FRDATE) values (2,2,'테스트댓글','테스트 작성자',to_date('20/06/05','RR/MM/DD'));
Insert into FREE_REPLY (FNO,FRNO,FRCONTENT,FRWRITER,FRDATE) values (2,3,'테스트댓글2','테스트 작성자2',to_date('20/06/05','RR/MM/DD'));
Insert into FREE_REPLY (FNO,FRNO,FRCONTENT,FRWRITER,FRDATE) values (2,4,'테스트댓글3','테스트 작성자3',to_date('20/06/05','RR/MM/DD'));
REM INSERTING into INFORM
SET DEFINE OFF;
Insert into INFORM (INO,ITITLE,IWRITER,ICONTENT,IDATE,IHIT,IFILESRC,IMASTER) values (4,'제목2','작성자2','내용2',to_date('20/06/05','RR/MM/DD'),0,'파일2','1');
REM INSERTING into MEMBER_SEEKER
SET DEFINE OFF;
Insert into MEMBER_SEEKER (MSNO,MSID,MSPW,MSNAME,MSEMAIL,MSEMAILHASH,MSEMAILCHECKED,MSADDR,MSTEL,MSBIRTH,MSGENDER,MSMASTER,MSPOSTCODE,MSDETAILADDRESS,MSEXTRAADDRESS,MOLISENSE) values (4,'red','f796fe3a3752e5d7d0313529bbd9a82f4d985e608ca08df0a79770cbb3e5495d','애용','ham6760@naver.com','96a83dc9bf5b4256e21ef28c5c21d38267a112bde95f103c0e7b5420709ceb98',1,'서울 강남구 강남대로 238','1',null,null,'offer','06267','1',' (도곡동)','1');
REM INSERTING into MVC_BOARD
SET DEFINE OFF;
Insert into MVC_BOARD (BID,BNAME,BTITLE,BCONTENT,BDATE,BHIT,BGROUP,BSTEP,BINDENT) values (43,'애용이랑','떼껄룩','ㅁㄴㅇㄹ',to_date('20/05/18','RR/MM/DD'),1,43,0,0);
Insert into MVC_BOARD (BID,BNAME,BTITLE,BCONTENT,BDATE,BHIT,BGROUP,BSTEP,BINDENT) values (44,'애용이랑','ㅁㄴㅇㄹ','ㅁㄴㅇㄹ',to_date('20/05/18','RR/MM/DD'),1,44,0,0);
Insert into MVC_BOARD (BID,BNAME,BTITLE,BCONTENT,BDATE,BHIT,BGROUP,BSTEP,BINDENT) values (2,'aaa',null,null,to_date('20/05/14','RR/MM/DD'),0,null,null,null);
Insert into MVC_BOARD (BID,BNAME,BTITLE,BCONTENT,BDATE,BHIT,BGROUP,BSTEP,BINDENT) values (3,'cj','java1','java111',to_date('20/05/14','RR/MM/DD'),1,3,0,0);
Insert into MVC_BOARD (BID,BNAME,BTITLE,BCONTENT,BDATE,BHIT,BGROUP,BSTEP,BINDENT) values (21,'cjㅇ','java1','			java111
			',to_date('20/05/15','RR/MM/DD'),0,3,1,1);
Insert into MVC_BOARD (BID,BNAME,BTITLE,BCONTENT,BDATE,BHIT,BGROUP,BSTEP,BINDENT) values (41,'애용이랑','떼껄룩','asd',to_date('20/05/18','RR/MM/DD'),1,41,0,0);
Insert into MVC_BOARD (BID,BNAME,BTITLE,BCONTENT,BDATE,BHIT,BGROUP,BSTEP,BINDENT) values (42,'애용이랑','떼껄룩','asdf',to_date('20/05/18','RR/MM/DD'),0,42,0,0);
Insert into MVC_BOARD (BID,BNAME,BTITLE,BCONTENT,BDATE,BHIT,BGROUP,BSTEP,BINDENT) values (45,'애용이랑','떼껄룩','ㅁㄴㅇㄻㄴㅇㄹ',to_date('20/05/18','RR/MM/DD'),1,45,0,0);
Insert into MVC_BOARD (BID,BNAME,BTITLE,BCONTENT,BDATE,BHIT,BGROUP,BSTEP,BINDENT) values (49,'애용이랑','떼껄룩','			
			
			',to_date('20/05/18','RR/MM/DD'),4,49,0,0);
REM INSERTING into NOTIFICATION
SET DEFINE OFF;
REM INSERTING into NREPLY
SET DEFINE OFF;
REM INSERTING into NT
SET DEFINE OFF;
Insert into NT (NID,NTITLE,NWRITER,NCONTENT,NDATE) values (2,'[에버랜드]캐리비안베이 라이프가드 F.CAST 大모집 09:00~18:00 시급 8,700원','에버랜드','등등등',to_date('20/05/18','RR/MM/DD'));
Insert into NT (NID,NTITLE,NWRITER,NCONTENT,NDATE) values (3,'[광교 호수공원]세상의 모든 아침 양식주방 조리 大모집 시간협의 월급 1,830,000','광교 호수공원','등등등',to_date('20/05/18','RR/MM/DD'));
REM INSERTING into PICKLIST
SET DEFINE OFF;
REM INSERTING into QUESTION
SET DEFINE OFF;
Insert into QUESTION (QNO,QTITLE,QWRITER,QCONTENT,QRCONTENT,QTYPE,QDATE,QHIT,QGROUP,QSTEP,QINDENT,QMASTER) values (2,'제목 문의','작성자','내용',null,'modify',to_date('20/06/05','RR/MM/DD'),0,2,0,0,'0');
REM INSERTING into RECIPE_BOARD
SET DEFINE OFF;
REM INSERTING into RECIPE_REPLY
SET DEFINE OFF;
REM INSERTING into RESUME
SET DEFINE OFF;
REM INSERTING into SALGRADE
SET DEFINE OFF;
Insert into SALGRADE (GRADE,LOSAL,HISAL) values (1,700,1200);
Insert into SALGRADE (GRADE,LOSAL,HISAL) values (2,1201,1400);
Insert into SALGRADE (GRADE,LOSAL,HISAL) values (3,1401,2000);
Insert into SALGRADE (GRADE,LOSAL,HISAL) values (4,2001,3000);
Insert into SALGRADE (GRADE,LOSAL,HISAL) values (5,3001,9999);
REM INSERTING into U_USER
SET DEFINE OFF;
Insert into U_USER (USER_ID,USER_PW,USER_NAME,USER_EMAIL,USER_POINT,SESSION_KEY,SESSION_LIMIT,USER_IMG,USER_JOIN_DATE,USER_LOGIN_DATE,USER_SIGNATURE) values ('min','ef797c8118f02dfb649607dd5d3f8c7623048c9c063d532cc95c5ed7a898a64f','민','ham6760@naver.com',0,'none',null,'user/default-user.png',to_timestamp('20/06/10 18:31:18.000000000','RR/MM/DD HH24:MI:SSXFF'),to_timestamp('20/06/10 18:31:18.000000000','RR/MM/DD HH24:MI:SSXFF'),'안녕');
Insert into U_USER (USER_ID,USER_PW,USER_NAME,USER_EMAIL,USER_POINT,SESSION_KEY,SESSION_LIMIT,USER_IMG,USER_JOIN_DATE,USER_LOGIN_DATE,USER_SIGNATURE) values ('as','6b51d431df5d7f141cbececcf79edf3dd861c3b4069f0b11661a3eefacbba918','as','as@as.com',0,'none',null,'user/default-user.png',to_timestamp('20/06/10 20:38:17.000000000','RR/MM/DD HH24:MI:SSXFF'),to_timestamp('20/06/10 20:38:17.000000000','RR/MM/DD HH24:MI:SSXFF'),'안녕');
Insert into U_USER (USER_ID,USER_PW,USER_NAME,USER_EMAIL,USER_POINT,SESSION_KEY,SESSION_LIMIT,USER_IMG,USER_JOIN_DATE,USER_LOGIN_DATE,USER_SIGNATURE) values ('asdf','03ac674216f3e15c761ee1a5e255f067953623c8b388b4459e13f978d7c846f4','민','ham6760@naver.com',0,'none',null,'user/default-user.png',to_timestamp('20/06/10 19:12:25.000000000','RR/MM/DD HH24:MI:SSXFF'),to_timestamp('20/06/10 19:12:25.000000000','RR/MM/DD HH24:MI:SSXFF'),'안녕');